{"version": {"json_export": "202", "page_segmentation": "5", "schema": "1.1.0", "structure": "1.1093.0", "table_structure": "5"}, "extended_metadata": {"ID_instance": "62 22 EA 86 4C BA B2 11 0A 00 67 45 8B 6B C6 23 ", "ID_permanent": "32 37 20 32 45 20 44 41 20 38 36 20 34 43 20 42 41 20 42 32 20 31 31 20 30 41 20 30 30 20 36 37 20 34 35 20 38 42 20 36 42 20 43 36 20 32 33 20 ", "has_acroform": false, "has_embedded_files": true, "is_XFA": false, "is_certified": false, "is_encrypted": false, "is_digitally_signed": false, "language": "en", "page_count": 14, "pdf_version": "1.6", "pdfa_compliance_level": "", "pdfua_compliance_level": ""}, "elements": [{"Bounds": [-0.25, 612.8560028076172, 888.25, 760.0839996337891], "ObjectID": 1471, "Page": 0, "Path": "//Document/Figure", "attributes": {"BBox": [0.0, 611.8869999999879, 665.9729999999981, 761.0409999999974], "Placement": "Block"}, "filePaths": ["figures/fileoutpart0.png"]}, {"Bounds": [-0.25, 612.8560028076172, 888.25, 760.0839996337891], "Font": {"alt_family_name": "Myriad Pro", "embedded": true, "encoding": "WinAnsiEncoding", "family_name": "Myriad Pro", "font_type": "Type1", "italic": false, "monospaced": false, "name": "GAKGOD+MyriadPro-BoldCond", "subset": true, "weight": 700}, "HasClip": false, "ObjectID": 1471, "Page": 0, "Path": "//Document/Figure", "Text": "2 WHEELS GOOD Alexis K.\u2019s Favorite Spots... By Bicycle 3X3: SOUTH SQ. ALSO: Renaissance Refuse Receptacles. Mobile Meals: Our favorite food trucks ", "TextSize": 29.0, "attributes": {"BBox": [0.0, 611.8869999999879, 665.9729999999981, 761.0409999999974], "Placement": "Block"}}, {"Bounds": [221.84140014648438, 355.4053039550781, 444.1584014892578, 356.9053039550781], "ObjectID": 1472, "Page": 0, "Path": "//Document/Figure[2]", "attributes": {"BBox": [222.59099999999307, 355.2179999999935, 443.50199999999313, 356.8979999999865], "Placement": "Block"}, "filePaths": ["figures/fileoutpart1.png"]}, {"Bounds": [235.59140014648438, 308.25030517578125, 433.81134033203125, 354.4393005371094], "Font": {"alt_family_name": "Caslon Pro", "embedded": true, "encoding": "WinAnsiEncoding", "family_name": "Adobe Caslon Pro", "font_type": "Type1", "italic": true, "monospaced": false, "name": "QXGOYJ+ACaslonPro-BoldItalic", "subset": true, "weight": 700}, "HasClip": false, "Lang": "en", "ObjectID": 1473, "Page": 0, "Path": "//Document/P", "Text": "Meridien vows to be the most sustainable city on earth. ", "TextSize": 17.0, "attributes": {"LineHeight": 17.25, "TextAlign": "Center"}}, {"Bounds": [35.92900085449219, 67.0, 108.14488220214844, 81.49600219726562], "Font": {"alt_family_name": "Myriad Pro", "embedded": true, "encoding": "WinAnsiEncoding", "family_name": "Myriad Pro", "font_type": "Type1", "italic": false, "monospaced": false, "name": "GAKGOD+MyriadPro-BoldCond", "subset": true, "weight": 700}, "HasClip": false, "Lang": "en", "ObjectID": 1474, "Page": 0, "Path": "//Document/P[2]", "Text": "JAN/FEB 2010 ", "TextSize": 12.0, "attributes": {"LineHeight": 14.375, "SpaceAfter": 5.5}}, {"Bounds": [35.55900573730469, -0.25, 153.25, 66.9530029296875], "ObjectID": 1475, "Page": 0, "Path": "//Document/Figure[3]", "attributes": {"BBox": [35.75849999999991, 0.0322265999999995, 153.23399999999674, 66.74949999999808], "Placement": "Block"}, "filePaths": ["figures/fileoutpart2.png"]}, {"Bounds": [51.05400085449219, 648.4073028564453, 276.12001037597656, 723.5923004150391], "ClipBounds": [51.05400085449219, 648.4073028564453, 276.12001037597656, 723.5923004150391], "ObjectID": 1668, "Page": 1, "Path": "//Document/P[3]/Figure", "attributes": {"BBox": [51.597899999998845, 648.9659999999858, 275.5089999999909, 723.002999999997], "Placement": "Block"}, "filePaths": ["figures/fileoutpart3.png"]}, {"Bounds": [51.05400085449219, 648.4073028564453, 588.5291137695312, 729.2342071533203], "ClipBounds": [51.05400085449219, 648.4073028564453, 588.5291137695312, 729.2342071533203], "Font": {"alt_family_name": "Letter Gothic Std", "embedded": true, "encoding": "WinAnsiEncoding", "family_name": "Letter Gothic Std", "font_type": "Type1", "italic": false, "monospaced": false, "name": "QXGOYJ+LetterGothicStd-Bold", "subset": true, "weight": 700}, "HasClip": false, "Lang": "en", "ObjectID": 1619, "Page": 1, "Path": "//Document/P[3]", "Text": "JAN/FEB 2010>>DESTINATION>>MERIDIEN LAT:47\u00b036\u20190\u201d LONG:14\u00b031\u20190\u201d ", "TextSize": 14.0, "attributes": {"LineHeight": 18, "SpaceAfter": 18}}, {"Bounds": [43.835205078125, 302.1324920654297, 473.89598083496094, 615.6300811767578], "ClipBounds": [43.835205078125, 302.1324920654297, 473.89598083496094, 615.6300811767578], "ObjectID": 1620, "Page": 1, "Path": "//Document/Figure[4]", "attributes": {"BBox": [44.9982, 303.0199999999895, 473.8609999999899, 614.5269999999728], "Placement": "Block"}, "filePaths": ["figures/fileoutpart4.png"]}, {"Bounds": [45.0, 260.28399658203125, 257.4026184082031, 300.63600158691406], "ClipBounds": [45.0, 260.28399658203125, 257.4026184082031, 300.63600158691406], "Font": {"alt_family_name": "Myriad Pro", "embedded": true, "encoding": "WinAnsiEncoding", "family_name": "Myriad Pro", "font_type": "Type1", "italic": false, "monospaced": false, "name": "GAKGOD+MyriadPro-BoldCond", "subset": true, "weight": 700}, "HasClip": true, "Lang": "en", "ObjectID": 1621, "Page": 1, "Path": "//Document/H1", "Text": "P48/2 WHEELS GOOD ", "TextSize": 24.0, "attributes": {"LineHeight": 38.375}}, {"Bounds": [45.0, 230.1300048828125, 462.65611267089844, 264.4440002441406], "Font": {"alt_family_name": "Chaparral Pro", "embedded": true, "encoding": "Custom", "family_name": "Chaparral Pro", "font_type": "Type1", "italic": false, "monospaced": false, "name": "QXGOYJ+ChaparralPro-Regular", "subset": true, "weight": 400}, "HasClip": false, "Lang": "en", "ObjectID": 1622, "Page": 1, "Path": "//Document/P[4]", "Text": "Sometimes the best way to see the city is by bicycle. Alexis K., director of Meridien\u2019s Urban Museum, takes us on a personal tour. By Franklin M. ", "TextSize": 14.0, "attributes": {"LineHeight": 17.25, "SpaceAfter": 14.375, "TextAlign": "Justify"}}, {"Bounds": [45.0, 182.53399658203125, 314.1498718261719, 222.88600158691406], "Font": {"alt_family_name": "Letter Gothic Std", "embedded": true, "encoding": "WinAnsiEncoding", "family_name": "Letter Gothic Std", "font_type": "Type1", "italic": false, "monospaced": false, "name": "QXGOYJ+LetterGothicStd-Bold", "subset": true, "weight": 700}, "HasClip": false, "Lang": "en", "ObjectID": 1623, "Page": 1, "Path": "//Document/H1[2]", "Text": "P60/BIN THERE, DONE THAT ", "TextSize": 32.0, "attributes": {"LineHeight": 38.375}}, {"Bounds": [45.0, 135.1320037841797, 457.0696105957031, 186.69400024414062], "Font": {"alt_family_name": "Chaparral Pro", "embedded": true, "encoding": "Custom", "family_name": "Chaparral Pro", "font_type": "Type1", "italic": false, "monospaced": false, "name": "QXGOYJ+ChaparralPro-Regular", "subset": true, "weight": 400}, "HasClip": false, "Lang": "en", "ObjectID": 1624, "Page": 1, "Path": "//Document/P[5]", "Text": "The way we generate and dispose of refuse is not sustainable in the long run. That\u2019s why Meridien\u2019s Waste Disposal guru, Glen W., is developing new ways to get residents off their trashy ways. By Ella G. ", "TextSize": 14.0, "attributes": {"LineHeight": 17.25, "SpaceAfter": 14.5, "TextAlign": "Justify"}}, {"Bounds": [45.0, 87.53399658203125, 322.9820556640625, 127.88600158691406], "Font": {"alt_family_name": "Letter Gothic Std", "embedded": true, "encoding": "WinAnsiEncoding", "family_name": "Letter Gothic Std", "font_type": "Type1", "italic": false, "monospaced": false, "name": "QXGOYJ+LetterGothicStd-Bold", "subset": true, "weight": 700}, "HasClip": false, "Lang": "en", "ObjectID": 1625, "Page": 1, "Path": "//Document/H1[3]", "Text": "P68/FARM IN THE BACKYARD ", "TextSize": 32.0, "attributes": {"LineHeight": 38.375}}, {"Bounds": [45.0, 40.13200378417969, 461.87159729003906, 91.69400024414062], "Font": {"alt_family_name": "Chaparral Pro", "embedded": true, "encoding": "Custom", "family_name": "Chaparral Pro", "font_type": "Type1", "italic": false, "monospaced": false, "name": "QXGOYJ+ChaparralPro-Regular", "subset": true, "weight": 400}, "HasClip": false, "Lang": "en", "ObjectID": 1626, "Page": 1, "Path": "//Document/P[6]", "Text": "More and more Meridien residents are forgoing the flower garden and swing set for tomato plants and chicken coops. Local contributing editor Martin H. talks to some of these modern-day Old McDonalds. ", "TextSize": 14.0, "attributes": {"LineHeight": 17.25, "SpaceAfter": 18}}, {"Bounds": [493.6369934082031, 485.78997802734375, 616.89697265625, 607.6099853515625], "ClipBounds": [493.6369934082031, 485.78997802734375, 616.89697265625, 607.6099853515625], "ObjectID": 1628, "Page": 1, "Path": "//Document/Aside/Figure", "attributes": {"BBox": [493.8999999999942, 486.0119999999879, 616.6549999999988, 607.3279999999795], "Placement": "Block", "SpaceAfter": 18, "StartIndent": 12.375}, "filePaths": ["figures/fileoutpart5.png"]}, {"Bounds": [493.6369934082031, 485.78997802734375, 616.89697265625, 607.6099853515625], "ClipBounds": [493.6369934082031, 485.78997802734375, 616.89697265625, 607.6099853515625], "Font": {"alt_family_name": "Cooper Black Std", "embedded": true, "encoding": "WinAnsiEncoding", "family_name": "Cooper Black Std", "font_type": "Type1", "italic": false, "monospaced": false, "name": "QXGOYJ+CooperBlackStd", "subset": true, "weight": 900}, "HasClip": false, "ObjectID": 1628, "Page": 1, "Path": "//Document/Aside/Figure", "Text": "dept. ", "TextSize": 34.98089599609375, "attributes": {"BBox": [493.8999999999942, 486.0119999999879, 616.6549999999988, 607.3279999999795], "Placement": "Block", "SpaceAfter": 18, "StartIndent": 12.375}}, {"Bounds": [481.5998992919922, 433.5179901123047, 546.0955505371094, 472.4976043701172], "Font": {"alt_family_name": "Letter Gothic Std", "embedded": true, "encoding": "WinAnsiEncoding", "family_name": "Letter Gothic Std", "font_type": "Type1", "italic": false, "monospaced": false, "name": "QXGOYJ+LetterGothicStd", "subset": true, "weight": 400}, "HasClip": false, "ObjectID": 1657, "Page": 1, "Path": "//Document/Aside/P/Sub/StyleSpan", "Text": "P12/", "TextSize": 32.05560302734375, "attributes": {"LineHeight": 34}}, {"Bounds": [481.5998992919922, 433.5179901123047, 589.5378265380859, 472.4976043701172], "Font": {"alt_family_name": "Myriad Pro", "embedded": true, "encoding": "WinAnsiEncoding", "family_name": "Myriad Pro", "font_type": "Type1", "italic": false, "monospaced": false, "name": "GAKGOD+MyriadPro-BoldCond", "subset": true, "weight": 700}, "HasClip": false, "ObjectID": 1650, "Page": 1, "Path": "//Document/Aside/P/Sub", "Text": "LETTERS ", "TextSize": 14.0, "attributes": {"Placement": "Block"}}, {"Bounds": [481.5998992919922, 392.2679901123047, 546.0955505371094, 431.2476043701172], "ObjectID": 1653, "Page": 1, "Path": "//Document/Aside/P/Sub[2]/Figure", "attributes": {"BBox": [481.5399999999936, 392.29599999998754, 549.0979999999981, 424.5749999999971]}, "filePaths": ["figures/fileoutpart6.png"]}, {"Bounds": [481.5998992919922, 392.2679901123047, 546.0955505371094, 431.2476043701172], "Font": {"alt_family_name": "Letter Gothic Std", "embedded": true, "encoding": "WinAnsiEncoding", "family_name": "Letter Gothic Std", "font_type": "Type1", "italic": false, "monospaced": false, "name": "QXGOYJ+LetterGothicStd", "subset": true, "weight": 400}, "HasClip": false, "ObjectID": 1653, "Page": 1, "Path": "//Document/Aside/P/Sub[2]/Figure", "Text": "P18/", "TextSize": 32.05560302734375, "attributes": {"BBox": [481.5399999999936, 392.29599999998754, 549.0979999999981, 424.5749999999971]}}, {"Bounds": [546.25, 397.99400329589844, 568.887939453125, 414.906005859375], "Font": {"alt_family_name": "Myriad Pro", "embedded": true, "encoding": "WinAnsiEncoding", "family_name": "Myriad Pro", "font_type": "Type1", "italic": false, "monospaced": false, "name": "GAKGOD+MyriadPro-BoldCond", "subset": true, "weight": 700}, "HasClip": false, "ObjectID": 1654, "Page": 1, "Path": "//Document/Aside/P/Sub[2]/StyleSpan", "Text": "LIST ", "TextSize": 14.0, "attributes": {"BaselineShift": -13}}, {"Bounds": [481.5998992919922, 392.2679901123047, 599.9815063476562, 431.2476043701172], "Font": {"alt_family_name": "Myriad Pro", "embedded": true, "encoding": "WinAnsiEncoding", "family_name": "Myriad Pro", "font_type": "Type1", "italic": false, "monospaced": false, "name": "GAKGOD+MyriadPro-BoldCond", "subset": true, "weight": 700}, "HasClip": false, "ObjectID": 1651, "Page": 1, "Path": "//Document/Aside/P/Sub[2]", "Text": "THE  LOCAL ", "TextSize": 14.0, "attributes": {"Placement": "Block"}}, {"Bounds": [486.25, 350.94200134277344, 618.8404693603516, 395.7019958496094], "Font": {"alt_family_name": "Chaparral Pro", "embedded": true, "encoding": "Custom", "family_name": "Chaparral Pro", "font_type": "Type1", "italic": false, "monospaced": false, "name": "QXGOYJ+ChaparralPro-Regular", "subset": true, "weight": 400}, "HasClip": false, "Lang": "en", "ObjectID": 1630, "Page": 1, "Path": "//Document/Aside/P[2]", "Text": "From restaurants to art restorers, your monthly mix of better urban living. ", "TextSize": 12.0, "attributes": {"LineHeight": 15.25, "SpaceAfter": 18}}, {"Bounds": [481.5998992919922, 304.2679901123047, 546.0955505371094, 343.2476043701172], "ObjectID": 1645, "Page": 1, "Path": "//Document/Aside/P[3]/Figure", "attributes": {"BBox": [481.5399999999936, 304.3399999999965, 549.0979999999981, 336.6189999999915]}, "filePaths": ["figures/fileoutpart7.png"]}, {"Bounds": [481.5998992919922, 304.2679901123047, 546.0955505371094, 343.2476043701172], "Font": {"alt_family_name": "Letter Gothic Std", "embedded": true, "encoding": "WinAnsiEncoding", "family_name": "Letter Gothic Std", "font_type": "Type1", "italic": false, "monospaced": false, "name": "QXGOYJ+LetterGothicStd", "subset": true, "weight": 400}, "HasClip": false, "ObjectID": 1645, "Page": 1, "Path": "//Document/Aside/P[3]/Figure", "Text": "P22/", "TextSize": 32.05560302734375, "attributes": {"BBox": [481.5399999999936, 304.3399999999965, 549.0979999999981, 336.6189999999915]}}, {"Bounds": [481.5998992919922, 232.43800354003906, 614.9736633300781, 343.2476043701172], "Font": {"alt_family_name": "Myriad Pro", "embedded": true, "encoding": "WinAnsiEncoding", "family_name": "Myriad Pro", "font_type": "Type1", "italic": false, "monospaced": false, "name": "GAKGOD+MyriadPro-BoldCond", "subset": true, "weight": 700}, "HasClip": false, "Lang": "en", "ObjectID": 1631, "Page": 1, "Path": "//Document/Aside/P[3]", "Text": "PRODUCT PROTECTION The latest do-no-harm wares that Local editors have been using, abusing, and keeping around the office. ", "TextSize": 14.0, "attributes": {"LineHeight": 15.25, "SpaceAfter": 3.875}}, {"Bounds": [481.5998992919922, 185.7679901123047, 565.80810546875, 224.7476043701172], "Font": {"alt_family_name": "Myriad Pro", "embedded": true, "encoding": "WinAnsiEncoding", "family_name": "Myriad Pro", "font_type": "Type1", "italic": false, "monospaced": false, "name": "GAKGOD+MyriadPro-BoldCond", "subset": true, "weight": 700}, "HasClip": false, "Lang": "en", "ObjectID": 1632, "Page": 1, "Path": "//Document/Aside/P[4]", "Text": "P30/3X3 ", "TextSize": 14.0, "attributes": {"LineHeight": 38.5}}, {"Bounds": [486.25, 113.93800354003906, 620.3640441894531, 189.20199584960938], "Font": {"alt_family_name": "Chaparral Pro", "embedded": true, "encoding": "Custom", "family_name": "Chaparral Pro", "font_type": "Type1", "italic": false, "monospaced": false, "name": "QXGOYJ+ChaparralPro-Regular", "subset": true, "weight": 400}, "HasClip": false, "Lang": "en", "ObjectID": 1633, "Page": 1, "Path": "//Document/Aside/P[5]", "Text": "Our three monthly problems for another three of our favorite creative types: what to do with Meridien\u2019s empty South Square. ", "TextSize": 12.0, "attributes": {"LineHeight": 15.25, "SpaceAfter": 18}}, {"Bounds": [481.5998992919922, 67.26799011230469, 544.8137359619141, 106.24760437011719], "ObjectID": 1636, "Page": 1, "Path": "//Document/Aside/P[6]/Figure", "attributes": {"BBox": [481.5399999999936, 67.34949999999662, 547.7779999999912, 99.6281999999992]}, "filePaths": ["figures/fileoutpart8.png"]}, {"Bounds": [481.5998992919922, 67.26799011230469, 544.8137359619141, 106.24760437011719], "Font": {"alt_family_name": "Letter Gothic Std", "embedded": true, "encoding": "WinAnsiEncoding", "family_name": "Letter Gothic Std", "font_type": "Type1", "italic": false, "monospaced": false, "name": "QXGOYJ+LetterGothicStd", "subset": true, "weight": 400}, "HasClip": false, "ObjectID": 1636, "Page": 1, "Path": "//Document/Aside/P[6]/Figure", "Text": "P76/", "TextSize": 32.05560302734375, "attributes": {"BBox": [481.5399999999936, 67.34949999999662, 547.7779999999912, 99.6281999999992]}}, {"Bounds": [481.5998992919922, 41.194000244140625, 617.6765441894531, 106.24760437011719], "Font": {"alt_family_name": "Chaparral Pro", "embedded": true, "encoding": "Custom", "family_name": "Chaparral Pro", "font_type": "Type1", "italic": false, "monospaced": false, "name": "QXGOYJ+ChaparralPro-Regular", "subset": true, "weight": 400}, "HasClip": false, "Lang": "en", "ObjectID": 1634, "Page": 1, "Path": "//Document/Aside/P[6]", "Text": "BY NUMBERS  THE How does Meridien stack up to other favorite cities? ", "TextSize": 12.0, "attributes": {"LineHeight": 15.25}}, {"Bounds": [43.89802551269531, 388.15625, 302.93109130859375, 713.8992004394531], "ObjectID": 1677, "Page": 2, "Path": "//Document/Figure[5]", "attributes": {"BBox": [42.838299999999435, 387.0159999999887, 304.30799999999, 714.9629999999888], "Placement": "Block"}, "filePaths": ["figures/fileoutpart9.png"]}, {"Bounds": [43.89802551269531, 388.15625, 302.93109130859375, 713.8992004394531], "ObjectID": 1677, "Page": 2, "Path": "//Document/Figure[5]", "attributes": {"BBox": [42.838299999999435, 387.0159999999887, 304.30799999999, 714.9629999999888], "Placement": "Block"}}, {"Bounds": [310.1829376220703, 388.43304443359375, 631.78857421875, 714.4278411865234], "ObjectID": 1678, "Page": 2, "Path": "//Document/Figure[6]", "attributes": {"BBox": [308.9869999999937, 387.1359999999986, 632.9739999999874, 715.4429999999993], "Placement": "Block"}, "filePaths": ["figures/fileoutpart10.png"]}, {"Bounds": [310.1829376220703, 388.43304443359375, 631.78857421875, 714.4278411865234], "Font": {"alt_family_name": "Cooper Black Std", "embedded": true, "encoding": "WinAnsiEncoding", "family_name": "Cooper Black Std", "font_type": "Type1", "italic": false, "monospaced": false, "name": "QXGOYJ+CooperBlackStd", "subset": true, "weight": 900}, "HasClip": false, "ObjectID": 1678, "Page": 2, "Path": "//Document/Figure[6]", "Text": "michael Closed Inc. ", "TextSize": 13.0, "attributes": {"BBox": [308.9869999999937, 387.1359999999986, 632.9739999999874, 715.4429999999993], "Placement": "Block"}}, {"Bounds": [43.64927673339844, 45.91288757324219, 302.7704162597656, 371.82537841796875], "ObjectID": 1679, "Page": 2, "Path": "//Document/Figure[7]", "attributes": {"BBox": [42.718299999998635, 44.67039999999906, 304.0679999999993, 372.97699999999895], "Placement": "Block"}, "filePaths": ["figures/fileoutpart11.png"]}, {"Bounds": [43.64927673339844, 45.91288757324219, 302.7704162597656, 371.82537841796875], "ObjectID": 1679, "Page": 2, "Path": "//Document/Figure[7]", "attributes": {"BBox": [42.718299999998635, 44.67039999999906, 304.0679999999993, 372.97699999999895], "Placement": "Block"}}, {"Bounds": [327.5, 217.42190551757812, 633.7376098632812, 368.95790100097656], "Font": {"alt_family_name": "Letter Gothic Std", "embedded": true, "encoding": "WinAnsiEncoding", "family_name": "Letter Gothic Std", "font_type": "Type1", "italic": false, "monospaced": false, "name": "QXGOYJ+LetterGothicStd", "subset": true, "weight": 400}, "HasClip": false, "Lang": "en", "ObjectID": 1681, "Page": 2, "Path": "//Document/Aside[2]/P", "Text": "3 PROBLEMS X FOR 3 DESIGNERS ", "TextSize": 44.0, "attributes": {"LineHeight": 49, "SpaceAfter": 4.125}}, {"Bounds": [327.5, 198.3759002685547, 464.33705139160156, 221.23289489746094], "Font": {"alt_family_name": "Cooper Black Std", "embedded": true, "encoding": "WinAnsiEncoding", "family_name": "Cooper Black Std", "font_type": "Type1", "italic": false, "monospaced": false, "name": "QXGOYJ+CooperBlackStd", "subset": true, "weight": 900}, "HasClip": false, "Lang": "en", "ObjectID": 1682, "Page": 2, "Path": "//Document/Aside[2]/P[2]", "Text": "South square ", "TextSize": 19.0, "attributes": {"LineHeight": 22.75, "SpaceAfter": 8}}, {"Bounds": [327.5, 72.70590209960938, 470.38059997558594, 190.58590698242188], "Font": {"alt_family_name": "Chaparral Pro", "embedded": true, "encoding": "Custom", "family_name": "Chaparral Pro", "font_type": "Type1", "italic": false, "monospaced": false, "name": "QXGOYJ+ChaparralPro-Regular", "subset": true, "weight": 400}, "HasClip": false, "ObjectID": 1685, "Page": 2, "Path": "//Document/Aside[2]/P[3]/ParagraphSpan", "Text": "In the 1930s, South Square was a bustling agora. Families of various ethnic origins that migrated to this burgeoning metropolis would set up booths to sell food, clothing, jewelry, and anything else they could produce to stay afloat. In 1962 Meridien built two elevated highways that ", "TextSize": 10.0}, {"Bounds": [477.25, 73.20590209960938, 619.4888610839844, 217.58590698242188], "Font": {"alt_family_name": "Chaparral Pro", "embedded": true, "encoding": "Custom", "family_name": "Chaparral Pro", "font_type": "Type1", "italic": false, "monospaced": false, "name": "QXGOYJ+ChaparralPro-Regular", "subset": true, "weight": 400}, "HasClip": false, "ObjectID": 1686, "Page": 2, "Path": "//Document/Aside[2]/P[3]/ParagraphSpan[2]", "Text": "sealed off the area from the rest of the city and all but doomed the square to abandonment and squalor. Now, Meridien has almost finished demolishing the highways and is hoping to revitalize the area. Local asked three of Meridien\u2019s top creatives to imagine what South Square could become in light of this urban renewal. ", "TextSize": 10.0}, {"Bounds": [-502.61480712890625, -387.44610595703125, 1197.8471984863281, 1021.6058959960938], "ObjectID": 1704, "Page": 3, "Path": "//Document/Figure[8]", "attributes": {"BBox": [0.0, 0.0322265999999995, 665.9729999999981, 792.0], "Placement": "Block"}, "filePaths": ["figures/fileoutpart12.png"]}, {"Bounds": [-502.61480712890625, -387.44610595703125, 1197.8471984863281, 1021.6058959960938], "Font": {"alt_family_name": "Letter Gothic Std", "embedded": true, "encoding": "WinAnsiEncoding", "family_name": "Letter Gothic Std", "font_type": "Type1", "italic": false, "monospaced": false, "name": "QXGOYJ+LetterGothicStd-Bold", "subset": true, "weight": 700}, "HasClip": false, "ObjectID": 1704, "Page": 3, "Path": "//Document/Figure[8]", "Text": "opal DODECAHEDRON Opal is a partner in the design consortium Dodecahedron, which specializes in urban renewal and sustainable design. \u201cSouth Square is one of the first areas in Meridien that was truly multicultural and thrived on the interrelationship between ethnic groups. My proposal is to bring back the marketplace aura of the 1930s and 1940s by establishing a retail market agora with only  local merchants. Billboards would be dedicated solely to these local merchants as well as used as showcases for local artists\u2019 work.\u201d LOCAL >> JAN/FEB 2010 P7 ", "TextSize": 10.0, "attributes": {"BBox": [0.0, 0.0322265999999995, 665.9729999999981, 792.0], "Placement": "Block"}}, {"Bounds": [-346.7655944824219, -78.98530578613281, 666.5982055664062, 790.999755859375], "ObjectID": 1728, "Page": 4, "Path": "//Document/Figure[9]", "attributes": {"BBox": [0.0, 0.0322265999999995, 665.9729999999981, 791.039999999979], "Placement": "Block"}, "filePaths": ["figures/fileoutpart13.png"]}, {"Bounds": [-346.7655944824219, -78.98530578613281, 666.5982055664062, 790.999755859375], "Font": {"alt_family_name": "Myriad Pro", "embedded": true, "encoding": "Custom", "family_name": "Myriad Pro", "font_type": "Type1", "italic": false, "monospaced": false, "name": "QXGOYJ+MyriadPro-Bold", "subset": true, "weight": 700}, "HasClip": false, "ObjectID": 1728, "Page": 4, "Path": "//Document/Figure[9]", "Text": "By Franklin M. ", "TextSize": 18.0, "attributes": {"BBox": [0.0, 0.0322265999999995, 665.9729999999981, 791.039999999979], "Placement": "Block"}}, {"Bounds": [-0.25, 138.57699584960938, 666.2490234375, 187.2429962158203], "ObjectID": 1819, "Page": 5, "Path": "//Document/Figure[10]", "attributes": {"BBox": [0.0, 138.62699999999313, 665.9729999999981, 186.9849999999933], "Placement": "Block"}, "filePaths": ["figures/fileoutpart14.png"]}, {"Bounds": [-0.25, 138.57699584960938, 666.2490234375, 187.2429962158203], "Font": {"alt_family_name": "Myriad Pro", "embedded": true, "encoding": "Custom", "family_name": "Myriad Pro", "font_type": "Type1", "italic": false, "monospaced": false, "name": "QXGOYJ+MyriadPro-Bold", "subset": true, "weight": 700}, "HasClip": false, "ObjectID": 1819, "Page": 5, "Path": "//Document/Figure[10]", "Text": "A local takes us on a pedaling journey through the Meridien she loves. ", "TextSize": 18.0, "attributes": {"BBox": [0.0, 138.62699999999313, 665.9729999999981, 186.9849999999933], "Placement": "Block"}}, {"Bounds": [-3.0, -0.6078033447265625, 666.9897003173828, 793.1937713623047], "ObjectID": 1847, "Page": 6, "Path": "//Document/Figure[11]", "attributes": {"BBox": [0.0, 0.0322265999999995, 665.9729999999981, 792.0], "Placement": "Block"}, "filePaths": ["figures/fileoutpart15.png"]}, {"Bounds": [-3.0, -0.6078033447265625, 666.9897003173828, 793.1937713623047], "Font": {"alt_family_name": "Cooper Black Std", "embedded": true, "encoding": "WinAnsiEncoding", "family_name": "Cooper Black Std", "font_type": "Type1", "italic": false, "monospaced": false, "name": "QXGOYJ+CooperBlackStd", "subset": true, "weight": 900}, "HasClip": false, "ObjectID": 1847, "Page": 6, "Path": "//Document/Figure[11]", "Text": "Name: Alexis K. Age: 35 Occupation: Executive Director, Urban Museum Favorite Neighborhood: \u201cI can\u2019t answer this question publicly if I\u2019m expected to keep my job.\u201d Favorite Meridien memory: \u201cNew Year\u2019s Eve 2002. The city was celebrat-ing its bicentennial and everyone was out in the streets, happy, and talking about how much they loved where they lived. It was a mass bonding moment unlike any other. I also have fond childhood memories of the annual summertime Seven Nights Celebra-tion in the park, watching the fireworks with my father.\u201d local stats ", "TextSize": 20.0, "attributes": {"BBox": [0.0, 0.0322265999999995, 665.9729999999981, 792.0], "Placement": "Block"}}, {"Bounds": [-1.1672821044921875, 10.4305419921875, 221.51950073242188, 793.1937713623047], "ObjectID": 1878, "Page": 7, "Path": "//Document/Figure[12]", "attributes": {"BBox": [0.0, 11.071799999999712, 220.67099999999482, 792.0], "Placement": "Block"}, "filePaths": ["figures/fileoutpart16.png"]}, {"Bounds": [160.5, 379.88409423828125, 436.0468444824219, 624.5041046142578], "Font": {"alt_family_name": "Myriad Pro", "embedded": true, "encoding": "Custom", "family_name": "Myriad Pro", "font_type": "Type1", "italic": false, "monospaced": false, "name": "QXGOYJ+MyriadPro-Bold", "subset": true, "weight": 700}, "HasClip": false, "Lang": "en", "ObjectID": 1879, "Page": 7, "Path": "//Document/H1[4]", "Text": "thought the light drizzle on this crisp fall day might be a deterrent\u2026 ", "TextSize": 36.0, "attributes": {"LineHeight": 50, "SpaceAfter": 18}}, {"Bounds": [46.339996337890625, 142.67799377441406, 333.2955017089844, 294.2019958496094], "Font": {"alt_family_name": "Chaparral Pro", "embedded": true, "encoding": "Custom", "family_name": "Chaparral Pro", "font_type": "Type1", "italic": false, "monospaced": false, "name": "QXGOYJ+ChaparralPro-Regular", "subset": true, "weight": 400}, "HasClip": false, "Lang": "en", "ObjectID": 1880, "Page": 7, "Path": "//Document/P[7]", "Text": "W hen I asked A le x is, director of Meridien\u2019s Urban Museum, to give me her personal tour of the city she\u2019s resided in since her teenage years, she accepted, but only if we did it by bicycle. I\u2019m not a fitness freak, and Meridien is known for its formidable hills, so when 6am rolled around, when I noted damp streets outside my apartment window and my cell phone started buzzing, I was hoping it was Alexis calling to tell me that we were switching to Plan B. ", "TextSize": 12.0, "attributes": {"LineHeight": 15.25}}, {"Bounds": [46.339996337890625, 96.9219970703125, 329.0957336425781, 141.6820068359375], "Font": {"alt_family_name": "Chaparral Pro", "embedded": true, "encoding": "Custom", "family_name": "Chaparral Pro", "font_type": "Type1", "italic": false, "monospaced": false, "name": "QXGOYJ+ChaparralPro-Regular", "subset": true, "weight": 400}, "HasClip": false, "Lang": "en", "ObjectID": 1881, "Page": 7, "Path": "//Document/P[8]", "Text": "\u201cSorry, Charlie. We\u2019re not going to let a little misty air ruin our fun. Anyway, the forecast says it will clear up by late morning.\u201d So much for Plan B. ", "TextSize": 12.0, "attributes": {"LineHeight": 15.25, "TextAlign": "Justify"}}, {"Bounds": [342.0, 234.19000244140625, 621.6063385009766, 294.2019958496094], "Font": {"alt_family_name": "Chaparral Pro", "embedded": true, "encoding": "Custom", "family_name": "Chaparral Pro", "font_type": "Type1", "italic": false, "monospaced": false, "name": "QXGOYJ+ChaparralPro-Regular", "subset": true, "weight": 400}, "HasClip": false, "Lang": "en", "ObjectID": 1882, "Page": 7, "Path": "//Document/P[9]", "Text": "We met at the Smith Street subway station, a mid-century, mildly brutalist concrete cube designed by architects in 1962 that is in the process of a full greening renovation. ", "TextSize": 12.0, "attributes": {"LineHeight": 15.25, "TextAlign": "Justify"}}, {"Bounds": [342.0, 127.42599487304688, 621.7552947998047, 233.19400024414062], "Font": {"alt_family_name": "Chaparral Pro", "embedded": true, "encoding": "Custom", "family_name": "Chaparral Pro", "font_type": "Type1", "italic": false, "monospaced": false, "name": "QXGOYJ+ChaparralPro-Regular", "subset": true, "weight": 400}, "HasClip": false, "Lang": "en", "ObjectID": 1885, "Page": 7, "Path": "//Document/P[10]", "Text": "\u201cI love this building. It\u2019s a modern masterpiece\u2014 poetic instead of cold and offputting. The city could have torn it down and put up a more contemporary structure, but they recognized its historical importance and instead are just working to make it more environmentally friendly and energy efficient through our Off-Grid program.\u201d ", "TextSize": 12.0, "attributes": {"LineHeight": 15.25, "TextAlign": "Justify"}}, {"Bounds": [342.0, 51.16600036621094, 622.0666961669922, 126.42999267578125], "Font": {"alt_family_name": "Chaparral Pro", "embedded": true, "encoding": "Custom", "family_name": "Chaparral Pro", "font_type": "Type1", "italic": false, "monospaced": false, "name": "QXGOYJ+ChaparralPro-Regular", "subset": true, "weight": 400}, "HasClip": false, "ObjectID": 2010, "Page": 7, "Path": "//Document/P[11]/ParagraphSpan", "Text": "We were here not to tour the subway station, though, but to pick up our transportation for the long ride ahead. And, no, we weren\u2019t taking the tube. (\u201cIt\u2019s not going to be that hard a ride,\u201d Alexis emailed me earlier in the week, \u201cMeridien\u2019s flatter than you think. Espe-", "TextSize": 12.0}, {"Bounds": [45.0, 508.6840057373047, 233.54100036621094, 614.4519958496094], "Font": {"alt_family_name": "Chaparral Pro", "embedded": true, "encoding": "Custom", "family_name": "Chaparral Pro", "font_type": "Type1", "italic": false, "monospaced": false, "name": "QXGOYJ+ChaparralPro-Regular", "subset": true, "weight": 400}, "HasClip": false, "ObjectID": 1915, "Page": 8, "Path": "//Document/P[11]/ParagraphSpan[2]", "Text": "cially if you know the secret routes.\u201d) Meridien has its own bike-sharing program that has become increasingly popular with the locals, especially now with hundreds of bike drop-off/pickup stations scattered across the city. ", "TextSize": 12.0}, {"Bounds": [54.12989807128906, 466.7510070800781, 196.1681365966797, 498.10699462890625], "Font": {"alt_family_name": "Myriad Pro", "embedded": true, "encoding": "Custom", "family_name": "Myriad Pro", "font_type": "Type1", "italic": false, "monospaced": false, "name": "QXGOYJ+MyriadPro-Bold", "subset": true, "weight": 700}, "HasClip": false, "Lang": "en", "ObjectID": 1918, "Page": 8, "Path": "//Document/Aside[3]/P", "Text": "THINGS TO TAKE ON A MERIDIEN BIKE RIDE ", "TextSize": 13.0, "attributes": {"LineHeight": 15.25, "SpaceAfter": 2.875}}, {"Bounds": [54.0, 449.75, 60.384002685546875, 464.1739959716797], "Font": {"alt_family_name": "Myriad Pro", "embedded": true, "encoding": "Identity-H", "family_name": "Myriad Pro", "font_type": "CIDFontType0", "italic": false, "monospaced": false, "name": "QXGOYJ+MyriadPro-Regular", "subset": true, "weight": 400}, "HasClip": false, "ObjectID": 1919, "Page": 8, "Path": "//Document/Aside[3]/L/LI/Lbl", "Text": "\u2022 ", "TextSize": 12.0}, {"Bounds": [61.40400695800781, 449.75, 102.32412719726562, 464.1739959716797], "Font": {"alt_family_name": "Myriad Pro", "embedded": true, "encoding": "WinAnsiEncoding", "family_name": "Myriad Pro", "font_type": "Type1", "italic": false, "monospaced": false, "name": "QXGOYJ+MyriadPro-Regular", "subset": true, "weight": 400}, "HasClip": false, "ObjectID": 1920, "Page": 8, "Path": "//Document/Aside[3]/L/LI/LBody", "Text": "Camera ", "TextSize": 12.0}, {"Bounds": [54.0, 434.4980010986328, 60.384002685546875, 448.9219970703125], "Font": {"alt_family_name": "Myriad Pro", "embedded": true, "encoding": "Identity-H", "family_name": "Myriad Pro", "font_type": "CIDFontType0", "italic": false, "monospaced": false, "name": "QXGOYJ+MyriadPro-Regular", "subset": true, "weight": 400}, "HasClip": false, "ObjectID": 1921, "Page": 8, "Path": "//Document/Aside[3]/L/LI[2]/Lbl", "Text": "\u2022 ", "TextSize": 12.0}, {"Bounds": [61.40400695800781, 434.4980010986328, 97.16404724121094, 448.9219970703125], "Font": {"alt_family_name": "Myriad Pro", "embedded": true, "encoding": "WinAnsiEncoding", "family_name": "Myriad Pro", "font_type": "Type1", "italic": false, "monospaced": false, "name": "QXGOYJ+MyriadPro-Regular", "subset": true, "weight": 400}, "HasClip": false, "ObjectID": 1922, "Page": 8, "Path": "//Document/Aside[3]/L/LI[2]/LBody", "Text": "Gloves ", "TextSize": 12.0}, {"Bounds": [54.0, 419.2460021972656, 60.384002685546875, 433.6699981689453], "Font": {"alt_family_name": "Myriad Pro", "embedded": true, "encoding": "Identity-H", "family_name": "Myriad Pro", "font_type": "CIDFontType0", "italic": false, "monospaced": false, "name": "QXGOYJ+MyriadPro-Regular", "subset": true, "weight": 400}, "HasClip": false, "ObjectID": 1923, "Page": 8, "Path": "//Document/Aside[3]/L/LI[3]/Lbl", "Text": "\u2022 ", "TextSize": 12.0}, {"Bounds": [61.40400695800781, 419.2460021972656, 133.7518768310547, 433.6699981689453], "Font": {"alt_family_name": "Myriad Pro", "embedded": true, "encoding": "Identity-H", "family_name": "Myriad Pro", "font_type": "CIDFontType0", "italic": false, "monospaced": false, "name": "QXGOYJ+MyriadPro-Regular", "subset": true, "weight": 400}, "HasClip": false, "ObjectID": 1924, "Page": 8, "Path": "//Document/Aside[3]/L/LI[3]/LBody", "Text": "Mobile phone ", "TextSize": 12.0}, {"Bounds": [54.0, 403.99400329589844, 60.384002685546875, 418.4179992675781], "Font": {"alt_family_name": "Myriad Pro", "embedded": true, "encoding": "Identity-H", "family_name": "Myriad Pro", "font_type": "CIDFontType0", "italic": false, "monospaced": false, "name": "QXGOYJ+MyriadPro-Regular", "subset": true, "weight": 400}, "HasClip": false, "ObjectID": 1925, "Page": 8, "Path": "//Document/Aside[3]/L/LI[4]/Lbl", "Text": "\u2022 ", "TextSize": 12.0}, {"Bounds": [61.40400695800781, 403.99400329589844, 117.98385620117188, 418.4179992675781], "Font": {"alt_family_name": "Myriad Pro", "embedded": true, "encoding": "Identity-H", "family_name": "Myriad Pro", "font_type": "CIDFontType0", "italic": false, "monospaced": false, "name": "QXGOYJ+MyriadPro-Regular", "subset": true, "weight": 400}, "HasClip": false, "ObjectID": 1926, "Page": 8, "Path": "//Document/Aside[3]/L/LI[4]/LBody", "Text": "$10 in cash ", "TextSize": 12.0}, {"Bounds": [54.0, 388.74200439453125, 60.384002685546875, 403.16600036621094], "Font": {"alt_family_name": "Myriad Pro", "embedded": true, "encoding": "Identity-H", "family_name": "Myriad Pro", "font_type": "CIDFontType0", "italic": false, "monospaced": false, "name": "QXGOYJ+MyriadPro-Regular", "subset": true, "weight": 400}, "HasClip": false, "ObjectID": 1927, "Page": 8, "Path": "//Document/Aside[3]/L/LI[5]/Lbl", "Text": "\u2022 ", "TextSize": 12.0}, {"Bounds": [61.40400695800781, 388.74200439453125, 118.23612976074219, 403.16600036621094], "Font": {"alt_family_name": "Myriad Pro", "embedded": true, "encoding": "Identity-H", "family_name": "Myriad Pro", "font_type": "CIDFontType0", "italic": false, "monospaced": false, "name": "QXGOYJ+MyriadPro-Regular", "subset": true, "weight": 400}, "HasClip": false, "ObjectID": 1928, "Page": 8, "Path": "//Document/Aside[3]/L/LI[5]/LBody", "Text": "Credit card ", "TextSize": 12.0}, {"Bounds": [54.0, 373.49000549316406, 60.384002685546875, 387.91400146484375], "Font": {"alt_family_name": "Myriad Pro", "embedded": true, "encoding": "Identity-H", "family_name": "Myriad Pro", "font_type": "CIDFontType0", "italic": false, "monospaced": false, "name": "QXGOYJ+MyriadPro-Regular", "subset": true, "weight": 400}, "HasClip": false, "ObjectID": 1929, "Page": 8, "Path": "//Document/Aside[3]/L/LI[6]/Lbl", "Text": "\u2022 ", "TextSize": 12.0}, {"Bounds": [61.40400695800781, 373.49000549316406, 129.10816955566406, 387.91400146484375], "Font": {"alt_family_name": "Myriad Pro", "embedded": true, "encoding": "Identity-H", "family_name": "Myriad Pro", "font_type": "CIDFontType0", "italic": false, "monospaced": false, "name": "QXGOYJ+MyriadPro-Regular", "subset": true, "weight": 400}, "HasClip": false, "ObjectID": 1930, "Page": 8, "Path": "//Document/Aside[3]/L/LI[6]/LBody", "Text": "Instant patch ", "TextSize": 12.0}, {"Bounds": [54.0, 358.2380065917969, 60.384002685546875, 372.66200256347656], "Font": {"alt_family_name": "Myriad Pro", "embedded": true, "encoding": "Identity-H", "family_name": "Myriad Pro", "font_type": "CIDFontType0", "italic": false, "monospaced": false, "name": "QXGOYJ+MyriadPro-Regular", "subset": true, "weight": 400}, "HasClip": false, "ObjectID": 1931, "Page": 8, "Path": "//Document/Aside[3]/L/LI[7]/Lbl", "Text": "\u2022 ", "TextSize": 12.0}, {"Bounds": [61.40400695800781, 358.2380065917969, 115.27212524414062, 372.66200256347656], "Font": {"alt_family_name": "Myriad Pro", "embedded": true, "encoding": "Identity-H", "family_name": "Myriad Pro", "font_type": "CIDFontType0", "italic": false, "monospaced": false, "name": "QXGOYJ+MyriadPro-Regular", "subset": true, "weight": 400}, "HasClip": false, "ObjectID": 1932, "Page": 8, "Path": "//Document/Aside[3]/L/LI[7]/LBody", "Text": "Sunscreen ", "TextSize": 12.0}, {"Bounds": [145.99200439453125, 449.7380065917969, 152.37600708007812, 464.16200256347656], "Font": {"alt_family_name": "Myriad Pro", "embedded": true, "encoding": "Identity-H", "family_name": "Myriad Pro", "font_type": "CIDFontType0", "italic": false, "monospaced": false, "name": "QXGOYJ+MyriadPro-Regular", "subset": true, "weight": 400}, "HasClip": false, "ObjectID": 1933, "Page": 8, "Path": "//Document/Aside[3]/L/LI[8]/Lbl", "Text": "\u2022 ", "TextSize": 12.0}, {"Bounds": [153.39599609375, 449.7380065917969, 214.65585327148438, 464.16200256347656], "Font": {"alt_family_name": "Myriad Pro", "embedded": true, "encoding": "Identity-H", "family_name": "Myriad Pro", "font_type": "CIDFontType0", "italic": false, "monospaced": false, "name": "QXGOYJ+MyriadPro-Regular", "subset": true, "weight": 400}, "HasClip": false, "ObjectID": 1934, "Page": 8, "Path": "//Document/Aside[3]/L/LI[8]/LBody", "Text": "Sketchbook ", "TextSize": 12.0}, {"Bounds": [145.99200439453125, 434.4859924316406, 152.37600708007812, 448.9100036621094], "Font": {"alt_family_name": "Myriad Pro", "embedded": true, "encoding": "Identity-H", "family_name": "Myriad Pro", "font_type": "CIDFontType0", "italic": false, "monospaced": false, "name": "QXGOYJ+MyriadPro-Regular", "subset": true, "weight": 400}, "HasClip": false, "ObjectID": 1935, "Page": 8, "Path": "//Document/Aside[3]/L/LI[9]/Lbl", "Text": "\u2022 ", "TextSize": 12.0}, {"Bounds": [153.39599609375, 434.4859924316406, 210.203857421875, 448.9100036621094], "Font": {"alt_family_name": "Myriad Pro", "embedded": true, "encoding": "Identity-H", "family_name": "Myriad Pro", "font_type": "CIDFontType0", "italic": false, "monospaced": false, "name": "QXGOYJ+MyriadPro-Regular", "subset": true, "weight": 400}, "HasClip": false, "ObjectID": 1936, "Page": 8, "Path": "//Document/Aside[3]/L/LI[9]/LBody", "Text": "Street Map ", "TextSize": 12.0}, {"Bounds": [145.99200439453125, 419.23399353027344, 152.37600708007812, 433.6580047607422], "Font": {"alt_family_name": "Myriad Pro", "embedded": true, "encoding": "Identity-H", "family_name": "Myriad Pro", "font_type": "CIDFontType0", "italic": false, "monospaced": false, "name": "QXGOYJ+MyriadPro-Regular", "subset": true, "weight": 400}, "HasClip": false, "ObjectID": 1937, "Page": 8, "Path": "//Document/Aside[3]/L/LI[10]/Lbl", "Text": "\u2022 ", "TextSize": 12.0}, {"Bounds": [153.39599609375, 419.23399353027344, 176.01596069335938, 433.6580047607422], "Font": {"alt_family_name": "Myriad Pro", "embedded": true, "encoding": "Identity-H", "family_name": "Myriad Pro", "font_type": "CIDFontType0", "italic": false, "monospaced": false, "name": "QXGOYJ+MyriadPro-Regular", "subset": true, "weight": 400}, "HasClip": false, "ObjectID": 1938, "Page": 8, "Path": "//Document/Aside[3]/L/LI[10]/LBody", "Text": "GPS ", "TextSize": 12.0}, {"Bounds": [145.99200439453125, 403.98199462890625, 152.37600708007812, 418.406005859375], "Font": {"alt_family_name": "Myriad Pro", "embedded": true, "encoding": "Identity-H", "family_name": "Myriad Pro", "font_type": "CIDFontType0", "italic": false, "monospaced": false, "name": "QXGOYJ+MyriadPro-Regular", "subset": true, "weight": 400}, "HasClip": false, "ObjectID": 1939, "Page": 8, "Path": "//Document/Aside[3]/L/LI[11]/Lbl", "Text": "\u2022 ", "TextSize": 12.0}, {"Bounds": [153.39599609375, 403.98199462890625, 214.5718536376953, 418.406005859375], "Font": {"alt_family_name": "Myriad Pro", "embedded": true, "encoding": "Identity-H", "family_name": "Myriad Pro", "font_type": "CIDFontType0", "italic": false, "monospaced": false, "name": "QXGOYJ+MyriadPro-Regular", "subset": true, "weight": 400}, "HasClip": false, "ObjectID": 1940, "Page": 8, "Path": "//Document/Aside[3]/L/LI[11]/LBody", "Text": "Bike helmet ", "TextSize": 12.0}, {"Bounds": [145.99200439453125, 388.72999572753906, 152.37600708007812, 403.1540069580078], "Font": {"alt_family_name": "Myriad Pro", "embedded": true, "encoding": "Identity-H", "family_name": "Myriad Pro", "font_type": "CIDFontType0", "italic": false, "monospaced": false, "name": "QXGOYJ+MyriadPro-Regular", "subset": true, "weight": 400}, "HasClip": false, "ObjectID": 1941, "Page": 8, "Path": "//Document/Aside[3]/L/LI[12]/Lbl", "Text": "\u2022 ", "TextSize": 12.0}, {"Bounds": [153.39599609375, 388.72999572753906, 209.96392822265625, 403.1540069580078], "Font": {"alt_family_name": "Myriad Pro", "embedded": true, "encoding": "Identity-H", "family_name": "Myriad Pro", "font_type": "CIDFontType0", "italic": false, "monospaced": false, "name": "QXGOYJ+MyriadPro-Regular", "subset": true, "weight": 400}, "HasClip": false, "ObjectID": 1942, "Page": 8, "Path": "//Document/Aside[3]/L/LI[12]/LBody", "Text": "Sunglasses ", "TextSize": 12.0}, {"Bounds": [145.99200439453125, 373.4779968261719, 152.37600708007812, 387.90199279785156], "Font": {"alt_family_name": "Myriad Pro", "embedded": true, "encoding": "Identity-H", "family_name": "Myriad Pro", "font_type": "CIDFontType0", "italic": false, "monospaced": false, "name": "QXGOYJ+MyriadPro-Regular", "subset": true, "weight": 400}, "HasClip": false, "ObjectID": 1943, "Page": 8, "Path": "//Document/Aside[3]/L/LI[13]/Lbl", "Text": "\u2022 ", "TextSize": 12.0}, {"Bounds": [153.39599609375, 373.4779968261719, 186.54006958007812, 387.90199279785156], "Font": {"alt_family_name": "Myriad Pro", "embedded": true, "encoding": "Identity-H", "family_name": "Myriad Pro", "font_type": "CIDFontType0", "italic": false, "monospaced": false, "name": "QXGOYJ+MyriadPro-Regular", "subset": true, "weight": 400}, "HasClip": false, "ObjectID": 1944, "Page": 8, "Path": "//Document/Aside[3]/L/LI[13]/LBody", "Text": "Jacket ", "TextSize": 12.0}, {"Bounds": [145.99200439453125, 358.2259979248047, 152.37600708007812, 372.6499938964844], "Font": {"alt_family_name": "Myriad Pro", "embedded": true, "encoding": "Identity-H", "family_name": "Myriad Pro", "font_type": "CIDFontType0", "italic": false, "monospaced": false, "name": "QXGOYJ+MyriadPro-Regular", "subset": true, "weight": 400}, "HasClip": false, "ObjectID": 1945, "Page": 8, "Path": "//Document/Aside[3]/L/LI[14]/Lbl", "Text": "\u2022 ", "TextSize": 12.0}, {"Bounds": [153.39599609375, 358.2259979248047, 205.8719940185547, 372.6499938964844], "Font": {"alt_family_name": "Myriad Pro", "embedded": true, "encoding": "Identity-H", "family_name": "Myriad Pro", "font_type": "CIDFontType0", "italic": false, "monospaced": false, "name": "QXGOYJ+MyriadPro-Regular", "subset": true, "weight": 400}, "HasClip": false, "ObjectID": 1946, "Page": 8, "Path": "//Document/Aside[3]/L/LI[14]/LBody", "Text": "Hip flask... ", "TextSize": 12.0}, {"Bounds": [44.988006591796875, 264.66200256347656, 232.46102905273438, 339.9259948730469], "Font": {"alt_family_name": "Chaparral Pro", "embedded": true, "encoding": "Custom", "family_name": "Chaparral Pro", "font_type": "Type1", "italic": false, "monospaced": false, "name": "QXGOYJ+ChaparralPro-Regular", "subset": true, "weight": 400}, "HasClip": false, "Lang": "en", "ObjectID": 1947, "Page": 8, "Path": "//Document/P[12]", "Text": "One swipe of your credit or debit card and you\u2019re off to the races. Amazingly, the program has reduced traffic in the city center almost 50%, even in the chilly winter. ", "TextSize": 12.0, "attributes": {"LineHeight": 15.25, "TextAlign": "Justify"}}, {"Bounds": [44.988006591796875, 157.8979949951172, 234.7202606201172, 263.66600036621094], "Font": {"alt_family_name": "Chaparral Pro", "embedded": true, "encoding": "Custom", "family_name": "Chaparral Pro", "font_type": "Type1", "italic": false, "monospaced": false, "name": "QXGOYJ+ChaparralPro-Regular", "subset": true, "weight": 400}, "HasClip": false, "ObjectID": 1949, "Page": 8, "Path": "//Document/P[13]/ParagraphSpan", "Text": "We grab our bikes and zoom across the street to the bike lane that skirts the northern edge of the park. Part of the bike-sharing program\u2019s popularity is that Meridien has invested heavily in creating dedicated cycling paths to accompany the thou-", "TextSize": 12.0}, {"Bounds": [240.98399353027344, 508.6340026855469, 429.1082305908203, 614.4019927978516], "Font": {"alt_family_name": "Chaparral Pro", "embedded": true, "encoding": "Custom", "family_name": "Chaparral Pro", "font_type": "Type1", "italic": false, "monospaced": false, "name": "QXGOYJ+ChaparralPro-Regular", "subset": true, "weight": 400}, "HasClip": false, "ObjectID": 1950, "Page": 8, "Path": "//Document/P[13]/ParagraphSpan[2]", "Text": "sands of new bikes on the streets. We rush past the pastiche of architectural styles and eras that characterize Meridien\u2019s eclectic urbanism, something Alexis has made a career of celebrating. \u201cA real city is never homogenous,\u201d she remarks. ", "TextSize": 12.0}, {"Bounds": [240.98399353027344, 371.3659973144531, 429.60882568359375, 507.63800048828125], "Font": {"alt_family_name": "Chaparral Pro", "embedded": true, "encoding": "Custom", "family_name": "Chaparral Pro", "font_type": "Type1", "italic": false, "monospaced": false, "name": "QXGOYJ+ChaparralPro-Regular", "subset": true, "weight": 400}, "HasClip": false, "ObjectID": 1953, "Page": 8, "Path": "//Document/P[14]/ParagraphSpan", "Text": "One of Meridien\u2019s urban success stories is the rejuvenation of the Old Town district. Just five years ago, the area\u2019s cobblestone streets were strewn with trash and drug paraphernalia. The city\u2019s homeless would congregate here, and the historical buildings, some dating back to the 18th century, were primarily ", "TextSize": 12.0}, {"Bounds": [436.97999572753906, 371.3300018310547, 625.4495086669922, 614.3659973144531], "Font": {"alt_family_name": "Chaparral Pro", "embedded": true, "encoding": "Custom", "family_name": "Chaparral Pro", "font_type": "Type1", "italic": false, "monospaced": false, "name": "QXGOYJ+ChaparralPro-Regular", "subset": true, "weight": 400}, "HasClip": false, "ObjectID": 1955, "Page": 8, "Path": "//Document/P[14]/ParagraphSpan[2]", "Text": "abandoned. But with the election of Mayor Pierre H. in 2006, the government allocated funds for a renewal project that provided new businesses and nonprofits with startup funding to renovate and occupy these empty structures. Before long, artists were occupying the upper floors, and boutiques, galleries, and caf\u00e9s began to spring up to fit their lifestyles. Combine this with more robust social service programs that provided housing and drug counseling programs, and the area underwent a speedy, remarkable renaissance to become a thriving urban community. ", "TextSize": 12.0}, {"Bounds": [241.0, 340.75, 574.6021118164062, 360.5740051269531], "Font": {"alt_family_name": "Myriad Pro", "embedded": true, "encoding": "Custom", "family_name": "Myriad Pro", "font_type": "Type1", "italic": false, "monospaced": false, "name": "QXGOYJ+MyriadPro-Bold", "subset": true, "weight": 700}, "HasClip": false, "Lang": "en", "ObjectID": 1960, "Page": 8, "Path": "//Document/H1[5]", "Text": "Cobblestones, gentrification and local produce ", "TextSize": 16.0, "attributes": {"LineHeight": 19.25}}, {"Bounds": [241.0, 157.9239959716797, 429.7976837158203, 339.9519958496094], "Font": {"alt_family_name": "Chaparral Pro", "embedded": true, "encoding": "Custom", "family_name": "Chaparral Pro", "font_type": "Type1", "italic": false, "monospaced": false, "name": "QXGOYJ+ChaparralPro-Regular", "subset": true, "weight": 400}, "HasClip": false, "ObjectID": 1961, "Page": 8, "Path": "//Document/P[15]/ParagraphSpan", "Text": "The bumpy roads result in a precarious ride that makes steering the bikes in a straight line virtually impossible. Luckily, auto traffic is mostly banned from Old Town, making it a favorite destination for those who disdain cars and much safer for our own clumsy veering. We stop in front of Frugal Grounds, an airy caf\u00e9/ gallery/performance space hybrid that was one of Old Town\u2019s first new businesses, to meet Scott G., Meri-", "TextSize": 12.0}, {"Bounds": [436.9960021972656, 218.9080047607422, 625.3347320556641, 339.92799377441406], "Font": {"alt_family_name": "Chaparral Pro", "embedded": true, "encoding": "Custom", "family_name": "Chaparral Pro", "font_type": "Type1", "italic": false, "monospaced": false, "name": "QXGOYJ+ChaparralPro-Regular", "subset": true, "weight": 400}, "HasClip": false, "ObjectID": 1964, "Page": 8, "Path": "//Document/P[15]/ParagraphSpan[2]", "Text": "dien\u2019s supervisor of urban renewal. He, too, arrives on a HUB bicycle, stylishly dressed for the weather in a medium-length Nehru-style jacket and knit cap, the ensemble nicely complemented by a pair of stylish spectacles and a worn leather shoulder bag. ", "TextSize": 12.0}, {"Bounds": [436.9960021972656, 157.89999389648438, 625.1591644287109, 217.91200256347656], "Font": {"alt_family_name": "Chaparral Pro", "embedded": true, "encoding": "Custom", "family_name": "Chaparral Pro", "font_type": "Type1", "italic": false, "monospaced": false, "name": "QXGOYJ+ChaparralPro-Regular", "subset": true, "weight": 400}, "HasClip": false, "Lang": "en", "ObjectID": 1966, "Page": 8, "Path": "//Document/P[16]", "Text": "\u201cThere are some hard-core purists who dismiss this development as negative\u2014gentrification to ease the fears of yuppies who wouldn\u2019t ", "TextSize": 12.0, "attributes": {"LineHeight": 15.25, "TextAlign": "Justify"}}, {"Bounds": [9.0, 407.83106994628906, 376.94236755371094, 620.4621429443359], "ObjectID": 2042, "Page": 9, "Path": "//Document/Figure[13]", "attributes": {"BBox": [8.999629999999797, 408.61599999999453, 375.94499999999243, 619.3269999999902], "Placement": "Block"}, "filePaths": ["figures/fileoutpart17.png"]}, {"Bounds": [9.0, 395.25379943847656, 116.05972290039062, 403.5417938232422], "Font": {"alt_family_name": "Chaparral Pro", "embedded": true, "encoding": "WinAnsiEncoding", "family_name": "Chaparral Pro", "font_type": "Type1", "italic": true, "monospaced": false, "name": "QXGOYJ+ChaparralPro-Italic", "subset": true, "weight": 400}, "HasClip": false, "Lang": "en", "ObjectID": 2043, "Page": 9, "Path": "//Document/P[17]", "Text": "Wandering pathway through the park. ", "TextSize": 7.0, "attributes": {"LineHeight": 8.375, "SpaceAfter": 18}}, {"Bounds": [7.953887939453125, 160.99339294433594, 376.9521942138672, 373.4698791503906], "ObjectID": 2044, "Page": 9, "Path": "//Document/Figure[14]", "attributes": {"BBox": [8.999629999999797, 161.78599999999278, 375.94499999999243, 372.37699999999313], "Placement": "Block"}, "filePaths": ["figures/fileoutpart18.png"]}, {"Bounds": [9.0, 148.34979248046875, 120.21812438964844, 156.63780212402344], "Font": {"alt_family_name": "Chaparral Pro", "embedded": true, "encoding": "WinAnsiEncoding", "family_name": "Chaparral Pro", "font_type": "Type1", "italic": true, "monospaced": false, "name": "QXGOYJ+ChaparralPro-Italic", "subset": true, "weight": 400}, "HasClip": false, "Lang": "en", "ObjectID": 2045, "Page": 9, "Path": "//Document/P[18]", "Text": "One of Meridien's bike sharing stations. ", "TextSize": 7.0, "attributes": {"LineHeight": 8.375, "SpaceAfter": 18}}, {"Bounds": [386.9637756347656, 161.7599334716797, 657.8704376220703, 620.4378814697266], "ObjectID": 2046, "Page": 9, "Path": "//Document/Figure[15]", "attributes": {"BBox": [387.9439999999886, 161.78599999999278, 656.9729999999981, 619.3269999999902], "Placement": "Block"}, "filePaths": ["figures/fileoutpart19.png"]}, {"Bounds": [388.0010070800781, 148.34979248046875, 524.6995544433594, 156.63780212402344], "Font": {"alt_family_name": "Chaparral Pro", "embedded": true, "encoding": "WinAnsiEncoding", "family_name": "Chaparral Pro", "font_type": "Type1", "italic": true, "monospaced": false, "name": "QXGOYJ+ChaparralPro-Italic", "subset": true, "weight": 400}, "HasClip": false, "Lang": "en", "ObjectID": 2047, "Page": 9, "Path": "//Document/P[19]", "Text": "Biking down the cobblestone streets of Old Town. ", "TextSize": 7.0, "attributes": {"LineHeight": 8.375, "SpaceAfter": 18}}, {"Bounds": [44.98320007324219, 92.23390197753906, 85.25019836425781, 132.5], "ObjectID": 2048, "Page": 9, "Path": "//Document/Figure[16]", "attributes": {"BBox": [45.23819999999978, 92.42849999999817, 85.07649999999921, 132.26699999999983], "Placement": "Block"}, "filePaths": ["figures/fileoutpart20.png"]}, {"Bounds": [44.74980163574219, 44.98500061035156, 85.01679992675781, 85.25030517578125], "ObjectID": 2049, "Page": 9, "Path": "//Document/Figure[17]", "attributes": {"BBox": [44.9982, 45.150399999998626, 84.83649999999761, 84.98879999999917], "Placement": "Block"}, "filePaths": ["figures/fileoutpart21.png"]}, {"Bounds": [100.0, 90.80009460449219, 230.56216430664062, 128.048095703125], "Font": {"alt_family_name": "Chaparral Pro", "embedded": true, "encoding": "Custom", "family_name": "Chaparral Pro", "font_type": "Type1", "italic": false, "monospaced": false, "name": "QXGOYJ+ChaparralPro-Regular", "subset": true, "weight": 400}, "HasClip": false, "Lang": "en", "ObjectID": 2050, "Page": 9, "Path": "//Document/Aside[4]/P", "Text": "Look in the center of the park for the statue of Victorian-era poet Windham Christy sculpted by Meridien local hero, Augustus R., in 1942. ", "TextSize": 8.0, "attributes": {"LineHeight": 9.25, "SpaceAfter": 11}}, {"Bounds": [99.7666015625, 42.80009460449219, 235.08106994628906, 80.048095703125], "Font": {"alt_family_name": "Chaparral Pro", "embedded": true, "encoding": "Custom", "family_name": "Chaparral Pro", "font_type": "Type1", "italic": false, "monospaced": false, "name": "QXGOYJ+ChaparralPro-Regular", "subset": true, "weight": 400}, "HasClip": false, "Lang": "en", "ObjectID": 2051, "Page": 9, "Path": "//Document/Aside[4]/P[2]", "Text": "You can keep the bike-sharing cycles for as a long as you want. Well, actually, after six weeks of straight use your credit card deposit will not be returned. ", "TextSize": 8.0, "attributes": {"LineHeight": 9.25, "SpaceAfter": 18}}, {"Bounds": [387.7498016357422, 83.11630249023438, 428.0167999267578, 123.38169860839844], "ObjectID": 2052, "Page": 9, "Path": "//Document/Figure[18]", "attributes": {"BBox": [387.9439999999886, 83.30879999999888, 427.90299999999115, 123.1469999999972], "Placement": "Block"}, "filePaths": ["figures/fileoutpart22.png"]}, {"Bounds": [442.7666015625, 53.18739318847656, 613.9135437011719, 118.17939758300781], "Font": {"alt_family_name": "Chaparral Pro", "embedded": true, "encoding": "Custom", "family_name": "Chaparral Pro", "font_type": "Type1", "italic": false, "monospaced": false, "name": "QXGOYJ+ChaparralPro-Regular", "subset": true, "weight": 400}, "HasClip": false, "Lang": "en", "ObjectID": 2053, "Page": 9, "Path": "//Document/Aside[5]/P", "Text": "The old area of the city until recently was a haven for homeless people and addicts after the federal government suspended welfare aid in 1980. Since 2000, Meridien has opened 30 homeless shelters and a clinic specializing in substance abuse, promoting Old Meridien\u2019s recent development of live/ work housing, boutique stores, and cafes. ", "TextSize": 8.0, "attributes": {"LineHeight": 9.25}}, {"Bounds": [45.149993896484375, 630.6880035400391, 330.82041931152344, 705.9519958496094], "Font": {"alt_family_name": "Chaparral Pro", "embedded": true, "encoding": "Custom", "family_name": "Chaparral Pro", "font_type": "Type1", "italic": false, "monospaced": false, "name": "QXGOYJ+ChaparralPro-Regular", "subset": true, "weight": 400}, "HasClip": false, "ObjectID": 2165, "Page": 10, "Path": "//Document/P[20]/ParagraphSpan", "Text": "come near here before,\u201d Scott remarks, \u201cbut I find their argument difficult to support in light of all the good that has come to Old Town. We didn\u2019t move the blight out and then hide it somewhere else. We helped the people who needed assistance and let them stay as long as they ", "TextSize": 12.0}, {"Bounds": [339.0780029296875, 645.9279937744141, 624.9903564453125, 705.9400024414062], "Font": {"alt_family_name": "Chaparral Pro", "embedded": true, "encoding": "Custom", "family_name": "Chaparral Pro", "font_type": "Type1", "italic": false, "monospaced": false, "name": "QXGOYJ+ChaparralPro-Regular", "subset": true, "weight": 400}, "HasClip": false, "ObjectID": 2166, "Page": 10, "Path": "//Document/P[20]/ParagraphSpan[2]", "Text": "weren\u2019t committing any violent crimes. They receive housing and there has been phenomenal success in getting many back into the workforce and making them part of the community again. How can this be bad?\u201d ", "TextSize": 12.0}, {"Bounds": [354.0780029296875, 630.6759948730469, 624.5460510253906, 644.9320068359375], "Font": {"alt_family_name": "Chaparral Pro", "embedded": true, "encoding": "Custom", "family_name": "Chaparral Pro", "font_type": "Type1", "italic": false, "monospaced": false, "name": "QXGOYJ+ChaparralPro-Regular", "subset": true, "weight": 400}, "HasClip": false, "Lang": "en", "ObjectID": 2095, "Page": 10, "Path": "//Document/P[21]", "Text": "Our next stop is Friar\u2019s Market\u2014an open-air agora ", "TextSize": 12.0, "attributes": {"LineHeight": 14.375, "SpaceAfter": 17.375}}, {"Bounds": [45.1500244140625, 412.6141052246094, 327.9321746826172, 620.4669647216797], "ObjectID": 2096, "Page": 10, "Path": "//Document/Figure[19]", "attributes": {"BBox": [45.11819999999898, 413.65499999999884, 327.94699999998556, 619.3269999999902], "Placement": "Block"}, "filePaths": ["figures/fileoutpart23.png"]}, {"Bounds": [45.148101806640625, 400.2001037597656, 246.03807067871094, 408.48809814453125], "Font": {"alt_family_name": "Chaparral Pro", "embedded": true, "encoding": "WinAnsiEncoding", "family_name": "Chaparral Pro", "font_type": "Type1", "italic": true, "monospaced": false, "name": "QXGOYJ+ChaparralPro-Italic", "subset": true, "weight": 400}, "HasClip": false, "Lang": "en", "ObjectID": 2097, "Page": 10, "Path": "//Document/P[22]", "Text": "Our tour guide, Alexis K., takes her pick of Meridien's organic apple crop. ", "TextSize": 7.0, "attributes": {"LineHeight": 8.375, "SpaceAfter": 14.625}}, {"Bounds": [339.0749816894531, 412.62957763671875, 621.8571319580078, 620.3226776123047], "ObjectID": 2098, "Page": 10, "Path": "//Document/Figure[20]", "attributes": {"BBox": [339.9459999999963, 413.65499999999884, 621.8149999999732, 619.3269999999902], "Placement": "Block"}, "filePaths": ["figures/fileoutpart24.png"]}, {"Bounds": [339.9320983886719, 400.2001037597656, 464.1704864501953, 408.48809814453125], "Font": {"alt_family_name": "Chaparral Pro", "embedded": true, "encoding": "WinAnsiEncoding", "family_name": "Chaparral Pro", "font_type": "Type1", "italic": true, "monospaced": false, "name": "QXGOYJ+ChaparralPro-Italic", "subset": true, "weight": 400}, "HasClip": false, "Lang": "en", "ObjectID": 2099, "Page": 10, "Path": "//Document/P[23]", "Text": "Organic berries on display at Friar's Market. ", "TextSize": 7.0, "attributes": {"LineHeight": 8.375, "SpaceAfter": 18}}, {"Bounds": [44.11616516113281, 161.760009765625, 328.8214416503906, 384.5400085449219], "ObjectID": 2100, "Page": 10, "Path": "//Document/Figure[21]", "attributes": {"BBox": [45.11819999999898, 161.78599999999278, 327.94699999998556, 384.61699999999837], "Placement": "Block"}, "filePaths": ["figures/fileoutpart25.png"]}, {"Bounds": [45.148101806640625, 148.36109924316406, 132.83177185058594, 156.6490936279297], "Font": {"alt_family_name": "Chaparral Pro", "embedded": true, "encoding": "WinAnsiEncoding", "family_name": "Chaparral Pro", "font_type": "Type1", "italic": true, "monospaced": false, "name": "QXGOYJ+ChaparralPro-Italic", "subset": true, "weight": 400}, "HasClip": false, "Lang": "en", "ObjectID": 2101, "Page": 10, "Path": "//Document/P[24]", "Text": "Organic corn at Friar's Market. ", "TextSize": 7.0, "attributes": {"LineHeight": 8.375, "SpaceAfter": 14.625}}, {"Bounds": [339.93212890625, 160.8192901611328, 622.7142791748047, 385.6071319580078], "ObjectID": 2102, "Page": 10, "Path": "//Document/Figure[22]", "attributes": {"BBox": [339.9459999999963, 161.78599999999278, 622.6549999999988, 384.61699999999837], "Placement": "Block"}, "filePaths": ["figures/fileoutpart26.png"]}, {"Bounds": [339.9320983886719, 148.36109924316406, 455.3432922363281, 156.6490936279297], "Font": {"alt_family_name": "Chaparral Pro", "embedded": true, "encoding": "WinAnsiEncoding", "family_name": "Chaparral Pro", "font_type": "Type1", "italic": true, "monospaced": false, "name": "QXGOYJ+ChaparralPro-Italic", "subset": true, "weight": 400}, "HasClip": false, "Lang": "en", "ObjectID": 2103, "Page": 10, "Path": "//Document/P[25]", "Text": "A bouquet of marigolds at Friar's Market. ", "TextSize": 7.0, "attributes": {"LineHeight": 8.375, "SpaceAfter": 18}}, {"Bounds": [99.94999694824219, 83.66569519042969, 140.21400451660156, 123.92970275878906], "ObjectID": 2104, "Page": 10, "Path": "//Document/Figure[23]", "attributes": {"BBox": [100.19599999999991, 83.78879999999845, 140.03399999999965, 123.74699999999939], "Placement": "Block"}, "filePaths": ["figures/fileoutpart27.png"]}, {"Bounds": [149.46229553222656, 53.73609924316406, 294.3928680419922, 118.72810363769531], "Font": {"alt_family_name": "Chaparral Pro", "embedded": true, "encoding": "Custom", "family_name": "Chaparral Pro", "font_type": "Type1", "italic": false, "monospaced": false, "name": "QXGOYJ+ChaparralPro-Regular", "subset": true, "weight": 400}, "HasClip": false, "Lang": "en", "ObjectID": 2151, "Page": 10, "Path": "//Document/Aside[6]/P", "Text": "Friar\u2019s Market requires all vendors to provide proof of the organic provenance of their goods before they can set up a stall. Meridien set up its own regulations in 2007 after the federal government mandated that all produce vendors provide at least 50% local and organic options. ", "TextSize": 8.0, "attributes": {"LineHeight": 9.25}}, {"Bounds": [45.0, 630.6880035400391, 330.1005554199219, 705.9519958496094], "Font": {"alt_family_name": "Chaparral Pro", "embedded": true, "encoding": "Custom", "family_name": "Chaparral Pro", "font_type": "Type1", "italic": false, "monospaced": false, "name": "QXGOYJ+ChaparralPro-Regular", "subset": true, "weight": 400}, "HasClip": false, "Lang": "en", "ObjectID": 2112, "Page": 11, "Path": "//Document/P[26]", "Text": "for Meridien\u2019s local farmers and produce growers to sell their fresh organic sustenance to residents weary of the old supermarket model. The long arcade is a kaleidoscope of nature\u2019s colors\u2014fruits, vegetables, and meats meticulously arranged in bins by their growers and producers. ", "TextSize": 12.0, "attributes": {"LineHeight": 15.25, "TextAlign": "Justify"}}, {"Bounds": [339.0, 630.6759948730469, 624.2987670898438, 705.9400024414062], "Font": {"alt_family_name": "Chaparral Pro", "embedded": true, "encoding": "Custom", "family_name": "Chaparral Pro", "font_type": "Type1", "italic": false, "monospaced": false, "name": "QXGOYJ+ChaparralPro-Regular", "subset": true, "weight": 400}, "HasClip": false, "Lang": "en", "ObjectID": 2113, "Page": 11, "Path": "//Document/P[27]", "Text": "\u201cThe best part of the experience here is that I get to converse with the people who actually grew this stuff,\u201d beams Alexis. \u201cNothing against the nice folks that work at the supermarket, but Friar\u2019s Market vendors have such an intimacy with what they sell here. It\u2019s their lifeblood, ", "TextSize": 12.0, "attributes": {"LineHeight": 15.25, "SpaceAfter": 17.375, "TextAlign": "Justify"}}, {"Bounds": [9.0, 160.96640014648438, 664.4237823486328, 620.5804748535156], "ObjectID": 2114, "Page": 11, "Path": "//Document/Figure[24]", "attributes": {"BBox": [8.999629999999797, 161.78599999999278, 664.4129999999714, 619.3269999999902], "Placement": "Block"}, "filePaths": ["figures/fileoutpart28.png"]}, {"Bounds": [335.9832000732422, 103.66389465332031, 376.2501983642578, 143.92999267578125], "ObjectID": 2115, "Page": 11, "Path": "//Document/Figure[25]", "attributes": {"BBox": [336.2259999999951, 103.8279999999977, 376.0649999999878, 143.66599999999744], "Placement": "Block"}, "filePaths": ["figures/fileoutpart29.png"]}, {"Bounds": [394.0, 82.98410034179688, 511.8739318847656, 138.7281036376953], "Font": {"alt_family_name": "Chaparral Pro", "embedded": true, "encoding": "Custom", "family_name": "Chaparral Pro", "font_type": "Type1", "italic": false, "monospaced": false, "name": "QXGOYJ+ChaparralPro-Regular", "subset": true, "weight": 400}, "HasClip": false, "Lang": "en", "ObjectID": 2143, "Page": 11, "Path": "//Document/Aside[7]/P", "Text": "Friar\u2019s Market occasionally undergoes a transformation on weekend evenings, when local promoters turn the arcade into a giant dance party, often drawing nationally renowned DJs and performers. ", "TextSize": 8.0, "attributes": {"LineHeight": 9.25}}, {"Bounds": [44.99800109863281, 691.6959991455078, 168.67227172851562, 705.9519958496094], "Font": {"alt_family_name": "Chaparral Pro", "embedded": true, "encoding": "Custom", "family_name": "Chaparral Pro", "font_type": "Type1", "italic": false, "monospaced": false, "name": "QXGOYJ+ChaparralPro-Regular", "subset": true, "weight": 400}, "HasClip": false, "Lang": "en", "ObjectID": 2123, "Page": 12, "Path": "//Document/P[28]", "Text": "their means of survival.\u201d ", "TextSize": 12.0, "attributes": {"LineHeight": 14.375}}, {"Bounds": [44.99800109863281, 630.6880035400391, 330.4318542480469, 690.6999969482422], "Font": {"alt_family_name": "Chaparral Pro", "embedded": true, "encoding": "Custom", "family_name": "Chaparral Pro", "font_type": "Type1", "italic": false, "monospaced": false, "name": "QXGOYJ+ChaparralPro-Regular", "subset": true, "weight": 400}, "HasClip": false, "Lang": "en", "ObjectID": 2124, "Page": 12, "Path": "//Document/P[29]", "Text": "How could I argue? The green apple I bought and consumed on the spot was so scrumptious it almost made me want to grow my own tree de pomme on my building\u2019s roof. ", "TextSize": 12.0, "attributes": {"LineHeight": 15.25, "TextAlign": "Justify"}}, {"Bounds": [338.9980010986328, 630.6759948730469, 625.0376739501953, 705.9400024414062], "Font": {"alt_family_name": "Chaparral Pro", "embedded": true, "encoding": "Custom", "family_name": "Chaparral Pro", "font_type": "Type1", "italic": false, "monospaced": false, "name": "QXGOYJ+ChaparralPro-Regular", "subset": true, "weight": 400}, "HasClip": false, "Lang": "en", "ObjectID": 2125, "Page": 12, "Path": "//Document/P[30]", "Text": "We cut up Grayson Boulevard towards the \u201cGreen Light\u201d district, Meridien\u2019s center of provincial haute couture and cuisine, where rustic cafes huddle alongside boutiques offering hemp clothing and hipster hubs that sell art, books, and the latest designer accessories. After ", "TextSize": 12.0, "attributes": {"LineHeight": 15.25, "SpaceAfter": 17.375, "TextAlign": "Justify"}}, {"Bounds": [290.0, 401.6005859375, 620.9999847412109, 620.3971862792969], "ObjectID": 2126, "Page": 12, "Path": "//Document/Figure[26]", "attributes": {"BBox": [290.02799999999115, 402.61599999999453, 620.9749999999767, 619.3269999999902], "Placement": "Block"}, "filePaths": ["figures/fileoutpart30.png"]}, {"Bounds": [288.9710388183594, 160.8060302734375, 621.9518585205078, 391.43385314941406], "ObjectID": 2127, "Page": 12, "Path": "//Document/Figure[27]", "attributes": {"BBox": [290.02799999999115, 161.78599999999278, 620.9749999999767, 390.4959999999992], "Placement": "Block"}, "filePaths": ["figures/fileoutpart31.png"]}, {"Bounds": [289.9832000732422, 102.993896484375, 330.2501983642578, 143.25999450683594], "ObjectID": 2128, "Page": 12, "Path": "//Document/Figure[28]", "attributes": {"BBox": [290.2679999999964, 103.10799999999654, 330.10699999998906, 143.0659999999989], "Placement": "Block"}, "filePaths": ["figures/fileoutpart32.png"]}, {"Bounds": [345.0, 101.56010437011719, 493.5145721435547, 138.80810546875], "Font": {"alt_family_name": "Chaparral Pro", "embedded": true, "encoding": "Custom", "family_name": "Chaparral Pro", "font_type": "Type1", "italic": false, "monospaced": false, "name": "QXGOYJ+ChaparralPro-Regular", "subset": true, "weight": 400}, "HasClip": false, "Lang": "en", "ObjectID": 2134, "Page": 12, "Path": "//Document/Aside[8]/P", "Text": "Le Bon Mot has been a Meridien institution for over 30 years and has led initiatives for local restaurants to provide a locally grown menu to the greatest extent possible. ", "TextSize": 8.0, "attributes": {"LineHeight": 9.25}}, {"Bounds": [146.66000366210938, 60.800506591796875, 641.1600952148438, 179.45050048828125], "ObjectID": 2078, "Page": 13, "Path": "//Document/Figure[29]", "attributes": {"BBox": [146.6339999999982, 60.86979999999858, 629.8539999999921, 169.22499999999854], "Placement": "Block"}, "filePaths": ["figures/fileoutpart33.png"]}, {"Bounds": [146.66000366210938, 60.800506591796875, 641.1600952148438, 179.45050048828125], "Font": {"alt_family_name": "Chaparral Pro", "embedded": true, "encoding": "WinAnsiEncoding", "family_name": "Chaparral Pro", "font_type": "Type1", "italic": false, "monospaced": false, "name": "QXGOYJ+ChaparralPro-Bold", "subset": true, "weight": 700}, "HasClip": false, "ObjectID": 2078, "Page": 13, "Path": "//Document/Figure[29]", "Text": "\u201cA real city is never homogenous.\u201d ", "TextSize": 50.0, "attributes": {"BBox": [146.6339999999982, 60.86979999999858, 629.8539999999921, 169.22499999999854], "Placement": "Block"}}], "pages": [{"boxes": {"CropBox": [0.0, 0.0, 666.0, 792.0], "MediaBox": [0.0, 0.0, 666.0, 792.0]}, "height": 792.0, "is_scanned": false, "page_number": 0, "rotation": 0, "width": 666.0}, {"boxes": {"CropBox": [0.0, 0.0, 666.0, 792.0], "MediaBox": [0.0, 0.0, 666.0, 792.0]}, "height": 792.0, "is_scanned": false, "page_number": 1, "rotation": 0, "width": 666.0}, {"boxes": {"CropBox": [0.0, 0.0, 666.0, 792.0], "MediaBox": [0.0, 0.0, 666.0, 792.0]}, "height": 792.0, "is_scanned": false, "page_number": 2, "rotation": 0, "width": 666.0}, {"boxes": {"CropBox": [0.0, 0.0, 666.0, 792.0], "MediaBox": [0.0, 0.0, 666.0, 792.0]}, "height": 792.0, "is_scanned": false, "page_number": 3, "rotation": 0, "width": 666.0}, {"boxes": {"CropBox": [0.0, 0.0, 666.0, 792.0], "MediaBox": [0.0, 0.0, 666.0, 792.0]}, "height": 792.0, "is_scanned": false, "page_number": 4, "rotation": 0, "width": 666.0}, {"boxes": {"CropBox": [0.0, 0.0, 666.0, 792.0], "MediaBox": [0.0, 0.0, 666.0, 792.0]}, "height": 792.0, "is_scanned": false, "page_number": 5, "rotation": 0, "width": 666.0}, {"boxes": {"CropBox": [0.0, 0.0, 666.0, 792.0], "MediaBox": [0.0, 0.0, 666.0, 792.0]}, "height": 792.0, "is_scanned": false, "page_number": 6, "rotation": 0, "width": 666.0}, {"boxes": {"CropBox": [0.0, 0.0, 666.0, 792.0], "MediaBox": [0.0, 0.0, 666.0, 792.0]}, "height": 792.0, "is_scanned": false, "page_number": 7, "rotation": 0, "width": 666.0}, {"boxes": {"CropBox": [0.0, 0.0, 666.0, 792.0], "MediaBox": [0.0, 0.0, 666.0, 792.0]}, "height": 792.0, "is_scanned": false, "page_number": 8, "rotation": 0, "width": 666.0}, {"boxes": {"CropBox": [0.0, 0.0, 666.0, 792.0], "MediaBox": [0.0, 0.0, 666.0, 792.0]}, "height": 792.0, "is_scanned": false, "page_number": 9, "rotation": 0, "width": 666.0}, {"boxes": {"CropBox": [0.0, 0.0, 666.0, 792.0], "MediaBox": [0.0, 0.0, 666.0, 792.0]}, "height": 792.0, "is_scanned": false, "page_number": 10, "rotation": 0, "width": 666.0}, {"boxes": {"CropBox": [0.0, 0.0, 666.0, 792.0], "MediaBox": [0.0, 0.0, 666.0, 792.0]}, "height": 792.0, "is_scanned": false, "page_number": 11, "rotation": 0, "width": 666.0}, {"boxes": {"CropBox": [0.0, 0.0, 666.0, 792.0], "MediaBox": [0.0, 0.0, 666.0, 792.0]}, "height": 792.0, "is_scanned": false, "page_number": 12, "rotation": 0, "width": 666.0}, {"boxes": {"CropBox": [0.0, 0.0, 666.0, 792.0], "MediaBox": [0.0, 0.0, 666.0, 792.0]}, "height": 792.0, "is_scanned": false, "page_number": 13, "rotation": 0, "width": 666.0}]}